-- MySQL dump 10.13  Distrib 5.6.22, for Win32 (x86)
--
-- Host: localhost    Database: prescription
-- ------------------------------------------------------
-- Server version	5.6.22-log

/*!40101 SET @OLD_CHARACTER_SET_CLIENT=@@CHARACTER_SET_CLIENT */;
/*!40101 SET @OLD_CHARACTER_SET_RESULTS=@@CHARACTER_SET_RESULTS */;
/*!40101 SET @OLD_COLLATION_CONNECTION=@@COLLATION_CONNECTION */;
/*!40101 SET NAMES utf8 */;
/*!40103 SET @OLD_TIME_ZONE=@@TIME_ZONE */;
/*!40103 SET TIME_ZONE='+00:00' */;
/*!40014 SET @OLD_UNIQUE_CHECKS=@@UNIQUE_CHECKS, UNIQUE_CHECKS=0 */;
/*!40014 SET @OLD_FOREIGN_KEY_CHECKS=@@FOREIGN_KEY_CHECKS, FOREIGN_KEY_CHECKS=0 */;
/*!40101 SET @OLD_SQL_MODE=@@SQL_MODE, SQL_MODE='NO_AUTO_VALUE_ON_ZERO' */;
/*!40111 SET @OLD_SQL_NOTES=@@SQL_NOTES, SQL_NOTES=0 */;

--
-- Table structure for table `department`
--

DROP TABLE IF EXISTS `department`;
/*!40101 SET @saved_cs_client     = @@character_set_client */;
/*!40101 SET character_set_client = utf8 */;
CREATE TABLE `department` (
  `id` int(11) NOT NULL AUTO_INCREMENT,
  `name` varchar(32) NOT NULL,
  PRIMARY KEY (`id`)
) ENGINE=InnoDB AUTO_INCREMENT=26 DEFAULT CHARSET=utf8;
/*!40101 SET character_set_client = @saved_cs_client */;

--
-- Dumping data for table `department`
--

LOCK TABLES `department` WRITE;
/*!40000 ALTER TABLE `department` DISABLE KEYS */;
INSERT INTO `department` VALUES (1,'妇产科'),(2,'儿科'),(3,'中医科'),(4,'眼科'),(5,'耳鼻喉科'),(6,'口腔科'),(7,'传染科'),(8,'保健科'),(9,'皮肤科'),(10,'神经精神科'),(11,'药剂科'),(12,'营养科'),(13,'放射科'),(14,'病理科'),(15,'手术科'),(16,'麻醉科'),(17,'急诊科'),(18,'注射科'),(19,'预诊科'),(20,'门诊临床科'),(21,'肿瘤科'),(22,'产科'),(23,'泌尿内科'),(24,'脊柱外科'),(25,'血液科');
/*!40000 ALTER TABLE `department` ENABLE KEYS */;
UNLOCK TABLES;

--
-- Table structure for table `doctor`
--

DROP TABLE IF EXISTS `doctor`;
/*!40101 SET @saved_cs_client     = @@character_set_client */;
/*!40101 SET character_set_client = utf8 */;
CREATE TABLE `doctor` (
  `id` int(11) NOT NULL AUTO_INCREMENT,
  `name` varchar(32) NOT NULL,
  `password` varchar(32) NOT NULL,
  `telephone` varchar(32) NOT NULL,
  `did` int(11) NOT NULL,
  `pid` int(11) NOT NULL,
  PRIMARY KEY (`id`),
  KEY `FK_792mlfs5rujdrdhyf1ui3r4ns` (`did`),
  KEY `FK_ii7se5r2es8oytvb53bky4mn7` (`pid`),
  CONSTRAINT `FK_792mlfs5rujdrdhyf1ui3r4ns` FOREIGN KEY (`did`) REFERENCES `department` (`id`),
  CONSTRAINT `FK_ii7se5r2es8oytvb53bky4mn7` FOREIGN KEY (`pid`) REFERENCES `position` (`id`)
) ENGINE=InnoDB AUTO_INCREMENT=4 DEFAULT CHARSET=utf8;
/*!40101 SET character_set_client = @saved_cs_client */;

--
-- Dumping data for table `doctor`
--

LOCK TABLES `doctor` WRITE;
/*!40000 ALTER TABLE `doctor` DISABLE KEYS */;
INSERT INTO `doctor` VALUES (1,'袁子杰','123456','15235678975',20,5),(2,'高心','123456','18335648965',21,6),(3,'张三','123456','13955568975',22,7);
/*!40000 ALTER TABLE `doctor` ENABLE KEYS */;
UNLOCK TABLES;

--
-- Table structure for table `medicine`
--

DROP TABLE IF EXISTS `medicine`;
/*!40101 SET @saved_cs_client     = @@character_set_client */;
/*!40101 SET character_set_client = utf8 */;
CREATE TABLE `medicine` (
  `id` int(11) NOT NULL AUTO_INCREMENT,
  `name` varchar(64) NOT NULL,
  `sideeffect` varchar(128) DEFAULT NULL,
  PRIMARY KEY (`id`)
) ENGINE=InnoDB AUTO_INCREMENT=267 DEFAULT CHARSET=utf8;
/*!40101 SET character_set_client = @saved_cs_client */;

--
-- Dumping data for table `medicine`
--

LOCK TABLES `medicine` WRITE;
/*!40000 ALTER TABLE `medicine` DISABLE KEYS */;
INSERT INTO `medicine` VALUES (1,'尼可刹米（可拉明）','大剂量可引起血压升高、心悸、出汗、呕吐、心律失常、震颤及惊厥。'),(2,'山梗菜碱（洛贝林）','不良反应有恶心、呕吐、腹泻、头痛、眩晕；大剂量可引起心动过速、呼吸抑制、血压下降、甚至惊厥。'),(3,'多巴胺 ','不良反应有恶心、呕吐、头痛、中枢神经系统兴奋等；大剂量或过量时可使呼吸加速、快速型心律失常'),(4,'肾上腺素（副肾素）','不良反应有心悸、头痛、血压升高，用量过大或皮下注射时误入血管后，可引起血压突然上升、心律失常，严重可致室颤而致死。'),(5,'西地兰（去乙酰毛花甙）','不良反应有恶心、呕吐、食欲不振、腹泻，头痛、幻觉、绿黄视，心律失常及房室传导阻滞。'),(6,'可乐定','钠水排出不畅，嗜睡，头痛，便秘，也可能有心悸、出汗、血压突然升高等现象，通常呈一过性，停药即会消失'),(7,'利血平(蛇根碱)','引起胃酸分泌增加而致溃疡加重或出血、穿孔。长期服用可出现疲倦、乏力、嗜睡、抑郁甚至精神错乱绝经期妇女服药后可增加乳腺癌的发病率，男性患者服用可引起阳痿。'),(8,'哌唑嗪','第一次服药是容易导致体位性低血压。主要不良反应是眩晕、疲乏和感觉虚弱。与利尿剂合用疗效更好。'),(9,'心痛定(硝苯吡啶)','主要副作用表现为头晕、面色潮红、恶心、呕吐等“醉酒样反应”；有人可有心悸、舌根麻木、口干、发汗、食欲不振等不良反应。'),(10,'开搏通（卡托普利）','副作用表现为引起皮疹、发热现象，还可能导致患者咳嗽。'),(11,'倍他乐克(美多心安)','药期间可出现胃部不适、眩晕、头痛、疲倦、失眠、恶梦、心动过缓、心功能不全、房室传导阻滞等不良反应。'),(12,'心得安','是降血压的常用药物。长期服用心得安后骤然停药时，可诱发心绞痛，故长期服药必须逐渐减量后缓慢停药。'),(13,'麻黄碱','麻黄碱，学名(1R,2S)-2-甲氨基-苯丙烷-1-醇，存在多种立体异构体，是一种...'),(14,'三氯甲烷','无色透明液体。有特殊气味。味甜。高折光，不燃，质重，易挥发。纯品对光...'),(15,'谷精草','谷精草（学名：Eriocaulon buergerianum）一年生草本，须根细软稠密，叶...'),(16,'咖啡因','咖啡因是一种黄嘌呤生物碱化合物，是一种中枢神经兴奋剂，能够暂时的驱走...'),(17,'头孢拉定','头孢拉定 （Cephradine, Velosef） 别名：先锋霉素Ⅵ、头孢菌素Ⅵ等。本...'),(18,'甲钴胺','甲钴胺是一种内源性的辅酶B12，参与一碳单位循环，在由同型半胱氨酸合成...'),(19,'睾酮','中文名称：睾酮 英文名称：testosterone 定义：由睾丸分泌的一种类固醇激...'),(20,'紫药水','紫药水是临床常用的皮肤粘膜消毒剂，具有较强的杀菌及收敛作用，但使用不...'),(21,'疳积','疳积以神萎、面黄肌瘦、毛发焦枯、肚大筋露、纳呆便溏为主要表现的儿科病...'),(22,'安康市','安康市位于祖国版图中部，幅员在北纬31°42′—33°49′、东经108°01′...'),(23,'头孢西丁钠','头孢西丁钠是头霉素类抗生素，系是由链霉菌Streptomyceslactamdurans产生...'),(24,'炙黄芪','炙黄芪，本品为圆形或椭圆形的片，直径0.8～3.5cm，厚0.1～0.4cm。外表皮...'),(25,'补天灵片','补天灵片不仅是治疗男性性功能障碍和性功能减退的药物，也是一种抗衰老药...'),(26,'乙烯雌酚片','乙烯雌酚片主要成份为：己烯雌酚。其化学名称为：（E）-4,4’-(1,2)-二乙...'),(27,'鼻炎康','鼻炎康由黄芩提取物，猪胆汁、藿香、扑尔敏、苍耳子、鹅不食草等精制而成...'),(28,'苄星青霉素','苄星青霉素为一长效青霉素、抗菌谱与青霉素相似。肌注后缓慢游离出青霉素...'),(29,'脉络宁','脉络宁，为黄棕色至红棕色的澄清液体，由牛膝、玄参、石斛、金银花等组成...'),(30,'青霉素钠','青霉素（Benzylpenicillin / Penicillin）又被称为青霉素G、peillin G、 ...'),(31,'鲑鱼降钙素','注射用鲑鱼降钙素， 1、禁用或不能使用常规雌激素与钙制剂联合治疗的早期...'),(32,'丙酸氟替卡松','丙酸氟替卡，本品为糖皮质激素类药物，具有强效的局部抗炎与抗过敏作用。...'),(33,'单唾液酸四己糖神经节苷脂','神经节苷脂（Gangliosides）是含唾液酸的糖神经鞘脂，存在于哺乳类动物细...'),(34,'米力农','米力农；米利酮；二联吡啶酮；甲氰吡酮；氰双吡酮；Milrinone本品化学名...'),(35,'腐植酸钠','腐植酸钠为乌黑晶亮，闪着漂亮光泽的无定性颗粒。它无毒无臭无腐蚀，极易...'),(36,'盐酸左西替利嗪','盐酸左西替利嗪制剂有片剂、颗粒剂，是选择性组胺H1受体拮抗制剂。主要用...'),(37,'复方氨酚烷胺','复方氨酚烷胺属胶囊剂，有解热镇痛的作用。本品可用于治疗感冒引起的鼻塞...'),(38,'甲地孕酮','甲地孕酮为一高效黄体激素，除与雌激素配伍用作口服避孕药外，单独使用本...'),(39,'棉酚','棉酚是锦葵科植物草棉、树棉或陆地棉成熟种子、根皮中提取的一种多元酚类...'),(40,'头孢泊肟酯','头孢泊肟酯属胶囊剂。适用于治疗肺炎、急性、慢性支气管炎、咽喉炎（咽喉...'),(41,'春雷霉素','农用杀菌剂。对水稻上的稻瘟病有优异防效和治疗作用。防治西瓜细菌性角斑...'),(42,'甲磺酸培氟沙星','甲磺酸培氟沙星是喹诺酮类抗菌药，为医保类处方药。可治疗由培氟沙星敏感...'),(43,'地红霉素','地红霉素为大环内酯类抗生素，为红霉胺的前体药物，其作用机理是通过与敏...'),(44,'硫酸镁溶液','口服为容积性泻药及利胆解痉药。口服硫酸镁溶液不易被肠道吸收，停留在肠...'),(45,'火棉','一种白色的纤维状物质，物理性质与棉花基本相同；它的爆炸威力比黑火药大...'),(46,'酞丁安软膏','为抗病毒药。具有抗沙眼衣原体和抗疱疹病毒活性。其作用机制主要是抑制病...'),(47,'头孢他美酯','头孢他美酯（头孢美特酯） Cefetamet Pivoxil （Globocef） 本品为半合成...'),(48,'枳实消痞丸','棕褐色水丸，味微苦，用于湿热交蒸，胸腹痞痛。'),(49,'多奈哌齐','盐酸多奈哌齐是一种长效的阿尔茨海默病(AD)的对症治疗药 。AD是一种以记...'),(50,'卡文注射液','卡文注射液为肠外营养药，用于不能或功能不全或被禁忌经口/肠道摄取营养...'),(51,'舒巴坦钠','舒巴坦钠是由人工合成的不可逆性竞争型β-内酰胺酶抑制剂，通常与青霉素...'),(52,'雷公藤多甙','雷公藤多甙属片剂，为医保类处方药。可用于治疗类风湿性关节炎、原发性肾...'),(53,'罗哌卡因','罗哌卡因是单一对映结构体（S形)长效酰胺类局麻药，其作用机制与其它局麻...'),(54,'泛影葡胺','本品为诊断用药，其76%溶液的含钠离子浓度约136mmol/L,与血浆内浓度接近...'),(55,'静脉注射用人免疫球蛋白','本品系用低温乙醇法从正常人血浆中分离提取免疫球蛋白组合，经深加工和病...'),(56,'比卡鲁胺','康士得属于非甾体类抗雄激素药物，与黄体生成素释放激素（LHRH）类似物或...'),(57,'丙酸倍氯米松','系强效外用糖皮质激素类药，具有抗炎、抗过敏和止痒等作用，能抑制支气管...'),(58,'利妥昔单抗','利妥昔单抗，药品，除活性成分利妥昔单抗外，尚含有以下非活性成分：枸橼...'),(59,'胡芦巴','胡芦巴为豆科一年生草本植物，全株有香气，花期4—6月，果期7—8月。多栽...'),(60,'福辛普利','福辛普利是一种新型血管紧张素转换酶抑制剂，能够使血管紧张素Ⅱ含量减少...'),(61,'安神丸','来自雪域高原的神奇藏药-安神丸（森得日布），主要用于龙失调引起的风入...'),(62,'凹凸棒石','凹凸棒石（Attapulgite）又名坡缕石或坡缕缟石（Palygorskite），是指以...'),(63,'阿司帕坦','阿司帕坦中文名称:阿司帕坦；天冬甜素或甜肽；L-α-天冬酰-L-苯丙氨酸甲...'),(64,'凝胶剂','凝胶剂指药物与适宜的辅料制成的均一、混悬或乳剂型的乳胶稠厚液体或半固...'),(65,'福辛普利钠','福辛普利钠为强效、长效ACEI类降血压药物，较卡托普利强3倍。适用于各种...'),(66,'甘草甜素','甘草甜素是甘草甜味的有效成分，是一种非常有前景的纯天然甜味剂，它具有...'),(67,'盐酸多巴酚丁胺','盐酸多巴酚丁胺为多巴胺同系物，为一选择性心脏β1-受体兴奋剂。'),(68,'硫酸特布他林','一种药物名词，又名间羟舒喘灵，叔丁喘宁，主要用于支气管哮喘、哮喘型支...'),(69,'双香豆素','本品为白色或乳白色结晶性粉末；味苦略具香味；几不溶于水、乙醇、乙醚，...'),(70,'磷霉素钙','抗生素类药物，用于敏感菌所致的单纯性下尿路感染和肠道感染。'),(71,'丸剂','丸剂是指药材细粉或药材提取物加适宜的粘合辅料制成的球形或类球片形制剂...'),(72,'盐酸特拉唑嗪','盐酸特拉唑嗪可用于治疗良性前列腺增生症。盐酸特拉唑嗪也可用于治疗高血...'),(73,'硫酸羟氯喹','【适应症】治疗盘状红斑狼疮及系统性红斑狼疮。目前已广泛应用于风湿相关...'),(74,'盐酸头孢吡肟','通 用 名：注射用盐酸头孢吡肟； 商 品 名：罗欣威； 英 文 名：Cefepime...'),(75,'阿司咪唑','阿司咪唑为强力和长效的Ｈ1受体拮抗剂，无困倦及嗜睡等中枢作用。主要用...'),(76,'薄荷素油','薄荷素油为无色或淡黄色的澄清液体。有特殊清凉香气，味初辛、后凉。是芳...'),(77,'抑肽酶','抑肽酶(Trasylol，别名：抑胰肽酶、屈来密多、胰蛋白酶抑制剂) 能抑制胰...'),(78,'弥可保注射液','弥可保注射液（甲钴胺注射液）为淡红色疏松块状物或粉末。本品是一种内源...'),(79,'肝复康丸','肝复康丸，通用名称：肝复康丸。为黑色的水蜜丸；气微，味甜而酸。用于急...'),(80,'火把花根片','火把花根片是采用卫茅科雷公藤属植物——昆明山海棠之根加工而成，其有效...'),(81,'金刚乙胺','“金刚乙胺”原料药被列为流感防治国家储备药品。金刚乙胺可抑制流感病毒...'),(82,'异氟醚','异氟醚，是一种带乙醚样气味的无色澄明液体，对金属、橡胶和塑料腐蚀作用...'),(83,'乳酸司帕沙星','乳酸司帕沙星主要剂型为片剂，本品为广谱氟喹诺酮类抗生素，能够抑制细菌...'),(84,'乳糖酸阿奇霉素','酸碱度：取本品，加水制成每1ml中含阿奇霉素50mg的溶液，依法测定(中国药...'),(85,'十八味党参丸','夫都清十八味党参丸的功能是消炎止痛，愈疮疡，除黄水。用于痹病，“冈巴...'),(86,'猴头菌颗粒','猴头菌颗粒为棕黄色或微黄色混悬颗粒，味甜、微苦或味微苦（无糖型），有...'),(87,'碘佛醇','本品主要用于各种血管放射学造影检查，包括：脑血管造影、周围动脉造影、...'),(88,'硫酸氯吡格雷片','硫酸氯吡格雷片主要成份为硫酸氯吡格雷，能够抑制血小板聚集。临床上主要...'),(89,'马普替林','马普替林（又名路滴美），用于治疗内源性抑郁症，迟发性抑郁症（更年期性...'),(90,'酒石酸布托啡诺','酒石酸布托啡诺主要代谢产物激动K-阿片肽受体，对U-受体则具激动和拮抗双...'),(91,'甲磺酸罗哌卡因','罗哌卡因为酰胺类局麻药，主要用于外科手术麻醉： 硬膜外麻醉（包括剖宫...'),(92,'卡莫司汀','本品及其代谢物可通过烷化作用与核酸交链，亦有可能因改变蛋白而产生抗癌...'),(93,'环丙沙星注射液','环丙沙星注射液属喹诺酮类注射剂。是用于敏感菌引起的泌尿生殖系统感染，...'),(94,'复方口服避孕药','复方口服避孕药，通用名称为去氧孕烯炔雌醇片，是一种安全、高效、副作用...'),(95,'氨力农','氨力农又名氨基双吡酮、氨联吡啶酮、氨双吡酮、氨吡酮、安联酮、安诺可、...'),(96,'美他环素','美他环素又称盐酸美他环素，别名甲烯土霉素。属于四环素类抗生素，对多数...'),(97,'萘普生钠','萘普生钠有片剂和胶囊剂，属解热消炎镇痛药。本品为非甾体抗炎药。适用于...'),(98,'乙酰麦迪霉素','乙酰麦迪霉素较麦迪霉素吸收好，血药浓度高，作用时间长，且味不苦，适合...'),(99,'氨酚咖敏片','氨酚咖敏片又称克感敏片、扑感敏片，是一种有着恢复体温调节中枢感受神经...'),(100,'卡巴胆碱','卡巴胆碱，分子式为C6H15ClN2O2，为无色澄明液体。能直接作用于瞳孔括约...'),(101,'骨化三醇软胶囊','骨化三醇是维生素D3的最重要活性代谢产物之一，通常在肾脏内由其前体25-...'),(102,'哌仑西平','本品为一种具有选择性的抗胆碱能药物，对胃壁细胞的毒蕈碱受体有高度亲和...'),(103,'参麦颗粒','参麦颗粒为淡黄棕色的颗粒；味甜、微酸。养阴生津。用于面黄肌瘦，津少口...'),(104,'旋光度测定法','旋光度测定法，是利用平面偏振光通过含有某些光学活性物质（如具有不对称...'),(105,'滴眼剂','滴眼剂指药物制成供滴眼用的澄明溶液或混悬液，用以防治或诊断眼部疾病。...'),(106,'磷酸川芎嗪','酸度 取本品0.20g，加水20ml溶解，依法测定（附录Ⅵ H），pH值应为2.4-3....'),(107,'硝酸异山梨醇酯','硝酸异山梨醇酯作用于血管平滑肌的特异受体，小剂量消心痛扩张静脉，大剂...'),(108,'盐酸司来吉兰','本药是一种选择性单胺氧化酶-B抑制剂，抑制多巴胺的再摄取及突触前受体。...'),(109,'甲氧沙林','用于治疗白癜风、牛皮癣（银屑病）服用药品两小时后配合日晒或黑光照射，...'),(110,'扎鲁司特','扎鲁司特是一个白三烯受体拮抗类药物，适应证是哮喘的预防和长期治疗。'),(111,'盐酸依托必利分散片','盐酸依托必利通过对多巴胺D2受体的拮抗作用而增加乙酰胆碱的释放，同时通...'),(112,'洛莫司汀','本品为细胞周期非特异性药，对处于G1-S边界，或S早期的细胞最敏感，对G2...'),(113,'诺和锐特充注射液','胰岛素在肌肉、肝、脂肪组织的中间代谢起重要的作用。能够促进合成代谢，...'),(114,'降糖丸','降糖丸·胰岛再生胶囊 ,是北京中国人民解放军治疗糖尿病的准字号纯中药，...'),(115,'舒他西林','舒他西林是氨苄青霉素和β-内酰胺酶抑制剂青霉烷砜的前体药物，它由两种...'),(116,'石蒜碱','存在于石蒜科植物石蒜的鳞茎内的生物碱。棱住状晶体。熔点275-280℃（分...'),(117,'阿法罗定','西药，通用名称阿法罗定（Alphaprodine），属镇痛类药物，皮下注射见效快...'),(118,'尼索地平','尼索地平，药品名，为二氢吡啶类钙拮抗剂。对平滑肌、心肌的钙通道有特异...'),(119,'补白','补白即填补空白，主要用来填充报纸或期刊的空白的短文。'),(120,'硫酸妥布霉素','硫酸妥布霉素是属于氨基糖苷类抗生素。是由链霉菌素的培养液中所获得。性...'),(121,'云芝糖肽','云 芝 糖 肽从多孔菌科植物云芝(Coriolus versicolor L．ex．Fr．)Quel．...'),(122,'甲硝唑磷酸二钠','英文名称： Metronidazole disodium hydrogen phosphate 化学名称： 2-甲...'),(123,'氢氯吡格雷片','氢氯吡格雷片用于预防和治疗因血小板高聚集状态引起的心、脑及其它动脉的...'),(124,'安尔康','五行蔬菜汤源于日本，发明者是现任日本预防医化学研究所所长、细胞学博士...'),(125,'复方玄驹口服液','温肾、壮阳、益精。适用于肾阳虚型阳痿，证见阳痿不举，举而不坚，少腹阴...'),(126,'帕尼培南','帕尼培南主要剂型为注射剂，为碳青霉素烯类抗生素，适用于葡萄球菌属、链...'),(127,'布替萘芬','布替萘芬为皮肤科用药，外用于治疗由皮肤癣菌所致的浅表皮肤真菌感染，如...'),(128,'乳酸钠溶液','乳酸钠溶液属于酸碱平衡调节药，主要用于纠正代谢性酸中毒，腹膜透析液中...'),(129,'盐酸洛美利嗪','盐酸洛美利嗪，药品，为二苯哌嗪类钙通道阻滞剂，具有选择性的脑血管舒张...'),(130,'希罗达片','希罗达是胃肠道肿瘤患者的新希望，用于联合化疗治疗晚期或转移性结直肠癌...'),(131,'精氨洛芬颗粒','精氨洛芬颗粒主要成份为精氨酸布洛芬，适用于牙痛、痛经、因创伤引起的疼...'),(132,'哮喘宁片','适用于镇咳定喘，消炎化痰。用于支气管哮喘，慢性咳嗽，气急。'),(133,'磷酸伯氨喹','磷酸伯氨喹，分子式为C15H21N3OH3PO4。磷酸伯氨喹片，处方类药物，口服，...'),(134,'萘普生缓释胶囊','用于缓解轻至中度疼痛，如关节痛、神经痛、肌肉痛、偏头痛、头痛、痛经、...'),(135,'石吊兰素','石吊兰素 ，别名岩豆素。常用于用于淋巴结核、肺结核、骨结核的辅助治疗...'),(136,'三合钙','三合钙咀嚼片为矿物质类非处方药药品，本品为补钙剂，用于预防和治疗钙缺...'),(137,'特比萘芬片','盐酸特比萘芬是一种具有广谱抗真菌活性的丙烯胺类药物。本品能特异地干扰...'),(138,'补骨脂素','实验结果表明：该药对白血病细胞有较强的杀伤作用（IC50 为4ug/ml），即...'),(139,'炔雌醇','炔雌醇为3-羟基-19-去甲-17α-孕甾-1,3,5(10)-三烯-20-炔－17－醇。按干...'),(140,'阿仑膦酸钠','阿仑膦酸钠 适用于治疗绝经后妇女的骨质疏松症，以预防髋部和脊柱骨折（...'),(141,'复方硝酸益康唑乳膏','复方硝酸益康唑乳膏是由硝酸益康唑和曲安奈德组成的复方制剂，其中硝酸益...'),(142,'尼群地平胶囊','尼群地平胶囊（NitrendipineCapsules）为二氢吡啶类钙通道阻滞剂，能够抑...'),(143,'头孢噻吩钠','本品为第一代头孢菌素，抗菌谱广，对革兰阳性菌的活性较强，本品适用于耐...'),(144,'洛索洛芬','本品为非甾体类消炎镇痛药，具有显著的镇痛、抗炎症及解热作用，尤其镇痛...'),(145,'聚维酮碘泡腾片','用于念珠菌性外阴阴道病、细菌性阴道病及混合感染性阴道炎。'),(146,'泮库溴铵注射液','泮库溴铵注射液，麻醉药及其辅助药物；本品为类固醇铵类中长时间显效的非...'),(147,'吲哚美辛贴片','用于缓解局部疼痛，如肌肉痛、关节痛以及拉伤、扭伤和运动损伤引起的疼痛...'),(148,'奥沙拉秦钠','溃疡性结肠炎治疗药物，用于治疗急、慢性溃疡性结肠炎与节段性回肠炎，及...'),(149,'虎掌南星','虎掌南星生于林下、山谷、河岸或荒地草丛中。主产河北、河南、山东、安徽...'),(150,'去氢胆酸','去氢胆酸是由动物胆汁中提取的胆酸经氢化制得。为白色疏松状粉末；无臭，...'),(151,'马来酸氨氯地平','马来酸氨氯地平是二氢吡啶类钙拮抗剂（慢通道阻滞剂）。本品口服后吸收完...'),(152,'二盐酸奎宁','二盐酸奎宁，性状为白色粉末，无臭，味极苦；遇光渐变色；水溶液显酸性反...'),(153,'奥沙普嗪','奥沙普嗪主要剂型为片剂，属于非甾体类抗炎药，能够减少炎性介质——前列...'),(154,'多维元素胶囊','用于预防和治疗因缺乏维生素与矿物质所引起的各种疾病。'),(155,'去氧皮质酮','去氧皮质酮，为盐皮质激素，具有类似醛固酮的作用，促进远端肾小管钠的再...'),(156,'联磺甲氧苄啶','抗菌谱广，抗菌作用强，并具有协同抑菌或杀菌作用，对大多数革兰阳性和阴...'),(157,'复方利福平胶囊','本品为胶囊剂。成份 本品为复方制剂，每粒含活性成分利福平0.15g、异烟肼...'),(158,'苍术丸','苍术丸具有祛寒化湿，健脾止泻的功效，主要用来治疗寒湿困脾，泄泻久不愈...'),(159,'硫酸西梭米星注射液','硫酸西梭米星注射液属氨基糖苷类抗生素。抗菌谱与庆大霉素相似。对金黄色...'),(160,'利维霉素','利维霉素(里杜霉素，青紫霉素，Lividomycin）与抗菌谱与卡那霉素相似，对...'),(161,'硫酸奎尼丁','硫酸奎尼丁，非处方类药物，口服。主要用于阵发性心动过速、心房颤抖、早...'),(162,'盐酸阿扎司琼','盐酸阿扎司琼，别名N-(1-氮杂双环2.2.2辛-8-基)-6-氯-4-甲基-3-氧代-3,4-...'),(163,'阿司匹林肠溶微粒胶囊','阿司匹林肠溶微粒胶囊为抗血小板药，可抑制血小板的释放反应（如肾上腺素...'),(164,'氮芥','氮芥是最早用于临床并取得突出疗效的抗肿瘤药物。为双氯乙胺类烷化剂的代...'),(165,'乳糖酸红霉素','本品为水溶性的红霉素乳糖醛酯，静脉滴注后即达血药峰值，24小时内静滴2g...'),(166,'多塞平乳膏','本品为乳剂型基质的白色乳膏。用于慢性单纯性苔癣，局限性瘙痒症，恶急性...'),(167,'甲硝唑口腔粘附片','甲硝唑口腔粘附片为抗厌氧菌药，能阻碍细菌新陈代谢，对专性厌氧菌有杀灭...'),(168,'吲哚美辛控释片','本品主要成份为吲哚美辛。其化学名称为2-甲基-1-（4-氯苯甲酰基）-5-甲氧...'),(169,'环孢素口服液','环孢素为一新型的T淋巴细胞调节剂，能特异性地抑制辅助T淋巴细胞的活性，...'),(170,'盐酸恩丹西酮','盐酸恩丹西酮，药品，主要成分是1，2，3，9-四氢-9-甲基-3-［（2-甲基咪...'),(171,'甲地高辛','甲地高辛为地高辛末端β位的羟基被甲氧基取代的衍生物。其正性力作用与地...'),(172,'福至尔片','福至尔是美国FDA批准的第一个用于治疗前列腺癌的抗雄激素药物，目前在中...'),(173,'甲苯磺酸妥舒沙星胶囊','本品为喹诺酮类广谱抗菌药。适应症由妥舒沙星沙敏感菌所致的各种感染：尿...'),(174,'雷尼替丁氯化钠注射液','雷尼替丁氯化钠注射液属抗酸药及抗溃疡病药，是医保类处方药。本品适用于...'),(175,'镇惊散','镇惊散为灰棕黄色的粉末，味苦、辛。主要功能为清热解痉，镇惊息风。用于...'),(176,'孟德立胺','内服后遇酸性尿分解产生甲醛而起杀菌作用，用于轻度尿路感染。亦可静注。...'),(177,'盐酸哌仑西平','抑酸药。临床主要用于各种酸相关性疾患，如：十二指肠溃疡、胃溃疡、胃-...'),(178,'洛芬伪麻片','洛芬伪麻片具有解热镇痛及减轻鼻腔黏膜充血作用，配方中布洛芬具有解热、...'),(179,'小儿宣肺止嗽颗粒','小儿宣肺止嗽颗粒为棕褐色的颗粒；气清香，味辛、微苦。小儿宣肺止嗽颗粒...'),(180,'冻干抗狂犬病血清','冻干抗狂犬病血清为白色或白色的疏松体；加入规定量的灭菌注射用水，应在...'),(181,'盐酸班布特罗口服液','盐酸班布特罗口服液，其主要成份为盐酸班布特罗，其在体内转化为特布他林...'),(182,'单盐酸氟西泮','单盐酸氟西泮为长效苯二氮类催眠镇静药，具有抗惊厥、抗癫痫、抗焦虑、镇...'),(183,'益气复脉片','益气复脉制剂是在著名古方“生脉散”的基础上，通过对处方组成与制剂工艺...'),(184,'甲苯磺酸舒他西林胶囊','抗生素类药品，主要有效成分为甲苯磺酸舒他西林，口服后，在肠壁经肠内酯...'),(185,'盐酸多柔吡星','抗有丝分裂和细胞毒性药物，多柔比星能成功地诱导多种恶性肿瘤的缓解，包...'),(186,'甲苯磺酸舒他西林片','甲苯磺酸舒他西林片口服后，经肠内酯酶水解成舒巴坦及氨苄西林，氨苄西林...'),(187,'磷酸咯萘啶片','磷酸咯萘啶片为苯并萘啶的衍生物，对人间日疟原虫和恶性疟原虫的裂殖体均...'),(188,'碘曲伦注射液','碘曲伦注射液主要成份为碘曲伦，水溶性造影剂。临床上用于分段脊髓造影及...'),(189,'妥布霉素氯化钠注射液','妥布霉素氯化钠注射液主要用于葡萄球菌和革兰阴性杆菌所致的泌尿系统感染...'),(190,'链激酶','链激酶是从β-溶血性链球菌培养液中提纯精制而成的一种高纯度酶，白色或...'),(191,'丙酸倍他米松','丙酸倍他米松为皮肤科用药适于对糖皮质激素有效的非感染性、炎症性及瘙痒...'),(192,'石莲花','石莲花，为景天科石莲花属多肉植物的总称，是多年生肉质草本，有匍匐茎。...'),(193,'萘普生片','用于缓解轻至中度疼痛，如关节痛、神经痛、肌肉痛、偏头痛、头痛、痛经、...'),(194,'哌唑嗪','哌唑嗪，用于轻、中度高血压。能降低心脏的前、后负荷，亦用于治疗心功能...'),(195,'白带','白带是妇女从阴道里流出来的一种带有粘性的白色液体，它是由前庭大腺、子...'),(196,'海洛因','来源于鸦片，是吗啡二乙酰的衍生物，其化学名为二乙酰吗啡。白色结晶粉末...'),(197,'氯胺酮','氯胺酮是一具有镇痛作用的静脉全麻药。可选择性抑制丘脑内侧核，阻滞脊髓...'),(198,'炎琥宁','炎琥宁，通用名为注射用炎琥宁，商品名为志力。本品有清热解毒及抗病毒作...'),(199,'阿洛西林钠','阿洛西林钠 英文名：AzlocillinSodium 别名：阿乐欣、苯咪唑青霉素、康恩...'),(200,'精氨酸阿司匹林片','用于普通感冒或流行性感冒引起的发热，也用于缓解轻至中度疼痛如头痛、关...'),(201,'双氯芬酸钾凝胶','用于缓解肌肉、软组织和关节的轻至中度疼痛。如缓解肌肉、软组织的扭伤、...'),(202,'酒石酸长春瑞滨','酒石酸长春瑞滨为白色或类白色粉末或结晶性粉末；无臭。在水或乙醇中易溶...'),(203,'碘曲仑','碘曲仑，为较好的水溶性非离子型二聚体三碘环造影剂。口服后不吸收。主要...'),(204,'环磷酰胺注射液','本品抗瘤谱广，对多种肿瘤有抑制作用，其作用机制为与DNA发生交叉联结，...'),(205,'酸枣仁','酸枣仁，落叶灌木或小乔木，高1～3m，枝节上有直的和弯曲的刺。叶互生，...'),(206,'无极膏','具有消炎、镇痛、止痒、抗菌、局部麻醉作用。用于虫咬皮炎、丘疹性荨麻疹...'),(207,'补气','中医治疗气虚证的方法。又称益气。属补法。气虚证常因饮食失调，年老体弱...'),(208,'百白破疫苗','百白破疫苗是百日咳、白喉、破伤风三合一疫苗，它是由百日咳疫苗、精制白...'),(209,'松节油','用于减轻肌肉痛、关节痛、神经痛以及扭伤。'),(210,'跌打损伤','跌打损伤包括刀枪、跌仆、殴打、闪挫、刺伤、擦伤、运动损伤等，伤处多有...'),(211,'头孢他啶','头孢他啶为半合成的第三代头孢菌素。制品为游离酸（五水化合物），并加有...'),(212,'口腔炎','口腔炎是口颊，舌边，上腭，齿龈等处发生溃疡，周围红肿作痛，溃面有糜烂...'),(213,'麦司卡林','麦司卡林的通用名称为三甲氧苯乙胺，别名三甲氧苯乙胺、麦斯卡林、美色卡...'),(214,'托西酸舒他西林','托西酸舒他西林为类白色或微黄色的结晶性粉末；微臭，味苦。在甲醇中易溶...'),(215,'酒石酸麦角胺','无色结晶，或类白色结晶性粉末；无臭。 取本品少量，置载玻片上，加浓过...'),(216,'氢溴酸右美沙芬片','用于干咳，包括上呼吸道感染（如感冒和咽炎）、支气管炎等引起的咳嗽。'),(217,'兰索拉唑','兰索拉唑，别名“达克普隆”。属于抗酸药及抗溃疡病药，新一代质子抑制剂...'),(218,'磷酸苯丙哌林分散片','用于治疗急、慢性支气管炎及各种刺激引起的咳嗽。'),(219,'布地奈德','本品是一具有高效局部抗炎作用的糖皮质激素。它能增强内皮细胞、平滑肌细...'),(220,'莫沙必利','本药为选择性5-羟色胺4（5-HT4）受体激动药，能促进乙酰胆碱的释放，刺激...'),(221,'舍曲林','盐酸舍曲林是抗抑郁药，适用于治疗抑郁症和强迫症，包括伴随焦虑，有或无...'),(222,'硼酸洗液','消毒防腐药，用于冲洗小面积创面与黏膜面。'),(223,'吡喹酮','一种药物名称，白色或类白色结晶性粉末；味苦。'),(224,'铝碳酸镁咀嚼片','1．慢性胃炎。 2．与胃酸有关的胃部不适症状，如胃痛、胃灼热感（烧心）...'),(225,'麦门冬','麦门冬又名：麦冬，为百合科植物沿阶草的块根，性微甘味苦，寒。甘微苦，...'),(226,'枸橼酸','Juyuansuan英文名：Citric Acid－450C6H8O7.H2O 210.14本品为2-羟基丙烷-...'),(227,'米诺地尔酊','该药品用于治疗男性型脱发和斑秃。'),(228,'莪术油','莪术油用于感冒、霍乱吐泻、暑热痧症、中风中痰不省人 事、跌扑失气、头...'),(229,'头孢地嗪钠','头孢地嗪钠为半合成第三代头孢霉素，对革兰阳性菌、阴性菌均有抗菌活性，...'),(230,'复方缬草牙痛酊','复方缬草牙痛酊，一种药品，本品为黄棕色的澄清液体；气芳香，味辛。 功...'),(231,'夫西地酸钠','夫西地酸钠，为白色结晶性粉末，溶剂为无色的澄明液体。主要成份为夫西地...'),(232,'异甘草酸镁','异甘草酸镁通用名为异甘草酸镁注射液，是一种药品。异甘草酸镁注射液为无...'),(233,'溃疡冲剂','一种中药制剂。具有健胃，消炎，止痛的功效。主要用来治疗胃溃疡，十二指...'),(234,'益肾壮阳膏','益肾壮阳膏，主要成份为淫羊霍、蛇床子、当归、仙茅、肉苁蓉、丁香、细辛...'),(235,'男宝','男宝是南方医科大学最新研制的补肾抗衰老的新一代组合配方的健康功能食品...'),(236,'黄藤素','黄藤素（大黄藤素）为我国自行研制的纯天然植物药，现已被载入《中国药典...'),(237,'胞磷胆碱','胞磷胆碱是一只价格较为低廉的普药，为脑代谢激活剂，能够促进脑细胞呼吸...'),(238,'阿达帕林','阿达帕林是一种类视黄醇化合物，对光、氧稳定，是一种惰性物质。阿达帕林...'),(239,'甲硝唑凝胶','用于炎症性丘疹、脓疱疮、酒渣鼻红斑的局部治疗。'),(240,'壬苯醇醚栓','用于女性外用短期避孕。'),(241,'磺胺醋酰钠','别名:磺胺乙酰钠，磺醋酰胺钠，Sulphacetamide Sodium，Albucid Soluble...'),(242,'健儿','健儿，jìan ér，基本解释，1. valiant fighter∶英勇善战的人，2. good...'),(243,'丙氨酰谷氨酰胺','丙氨酰谷氨酰胺，分子式为C8H15N3O4，为白色或类白色疏松块状物。丙氨酰...'),(244,'培植牛黄','培植牛黄为牛科动物牛Bos taurus domesticus Gmelin的活体胆囊中培植的干...'),(245,'甲硝唑口含片','用于牙龈炎、牙周炎、冠周炎。'),(246,'甘磷酰芥','本品为甘氨酸磷酰氮芥化合物，属环磷酰胺衍生物，但不需要活化，可直接起...'),(247,'替硝唑阴道泡腾片','用于滴虫性阴道炎。'),(248,'磺苄西林','磺苄西林为广谱半合成的抗假单胞菌青霉素。其作用机制与其它青霉素类和头...'),(249,'舒巴坦钠注射液','药品名称。本品为哌拉西林钠与舒巴坦钠按2：1的比例组成的复方制剂。哌拉...'),(250,'吸入用色甘酸钠','用于预防哮喘及过敏性鼻炎。'),(251,'双扑伪麻胶囊','适用于缓解普通感冒及流行性感冒引起的发热、头痛、四肢酸痛、打喷嚏、流...'),(252,'平阳霉素','平阳霉素是从我国浙江平阳县土壤中的放线菌（Streptomycespingyangensisn...'),(253,'马来酸曲美布汀','马来酸曲美布汀为白色结晶或结晶性粉末，无臭，味苦。本品在冰酯酸和氯仿...'),(254,'甲氨喋呤','甲氨喋呤(MTX)又称氨甲喋呤。属抗叶酸代谢药物。能抑制体液免疫反应，因...'),(255,'苯海索','苯海索为中枢抗胆碱抗帕金森病药，作用在于选择性阻断纹状体的胆碱能神经...'),(256,'舒巴坦','舒巴坦（Sulbactam）为不可逆的竞争性β-内酰胺酶抑制剂，对革兰阳性及阴...'),(257,'丙酸睾酮','丙酸睾酮的作用与睾酮、甲睾酮相同，但肌注作用时间较持久，每2～3日注射...'),(258,'藻酸双酯钠','藻酸双酯钠，在褐藻酸钠分子的羟基和羧基上分别引入磺酰基和丙二醇基而成...'),(259,'氨丁三醇','氨丁三醇，分子式为C4H11NO3，为白色结晶；无臭，味微甜而带苦，易溶于水...'),(260,'氢溴酸右美沙芬分散片','用于干咳，包括上呼吸道感染（如感冒和咽炎）、支气管炎等引起的咳嗽。'),(261,'盐酸雷尼替丁片','用于缓解胃酸过多所致的胃痛、胃灼热感（烧心）、反酸。'),(262,'多糖铁胶囊','用于治疗单纯性缺铁性贫血。'),(263,'甲硝唑胶浆含漱液','用于牙龈炎、牙周炎、冠周炎及口腔黏膜溃疡。'),(264,'麦迪霉素','麦迪霉素，该品为16元大环内酯类抗生素，其作用机制、抗菌谱、耐药性皆与...'),(265,'阿莫罗芬','阿莫罗芬为无色或几乎无色的澄明液体，它是一种新型的抗真菌药，主要抑制...'),(266,'胶原酶','胶原酶的化学名为胶原蛋白水解酶(Collagenase)，它能在生理PH和温度条件...');
/*!40000 ALTER TABLE `medicine` ENABLE KEYS */;
UNLOCK TABLES;

--
-- Table structure for table `position`
--

DROP TABLE IF EXISTS `position`;
/*!40101 SET @saved_cs_client     = @@character_set_client */;
/*!40101 SET character_set_client = utf8 */;
CREATE TABLE `position` (
  `id` int(11) NOT NULL AUTO_INCREMENT,
  `name` varchar(32) NOT NULL,
  PRIMARY KEY (`id`)
) ENGINE=InnoDB AUTO_INCREMENT=9 DEFAULT CHARSET=utf8;
/*!40101 SET character_set_client = @saved_cs_client */;

--
-- Dumping data for table `position`
--

LOCK TABLES `position` WRITE;
/*!40000 ALTER TABLE `position` DISABLE KEYS */;
INSERT INTO `position` VALUES (1,'医生'),(2,'主治医生'),(3,'副主治医生'),(4,'化验员'),(5,'治疗人员'),(6,'护士'),(7,'护士长'),(8,'护工');
/*!40000 ALTER TABLE `position` ENABLE KEYS */;
UNLOCK TABLES;

--
-- Table structure for table `prescription`
--

DROP TABLE IF EXISTS `prescription`;
/*!40101 SET @saved_cs_client     = @@character_set_client */;
/*!40101 SET character_set_client = utf8 */;
CREATE TABLE `prescription` (
  `id` int(11) NOT NULL AUTO_INCREMENT,
  `begindate` date DEFAULT NULL,
  `crawlagainst` int(11) DEFAULT NULL,
  `enddate` date DEFAULT NULL,
  `did` int(11) NOT NULL,
  `uid` int(11) NOT NULL,
  PRIMARY KEY (`id`),
  KEY `FK_esa5i3smngww2n8ffr381dq2g` (`did`),
  KEY `uid` (`uid`),
  CONSTRAINT `FK_esa5i3smngww2n8ffr381dq2g` FOREIGN KEY (`did`) REFERENCES `doctor` (`id`),
  CONSTRAINT `FK_jrh5u5cx2ckr8csofr4q4a8x` FOREIGN KEY (`uid`) REFERENCES `user` (`id`),
  CONSTRAINT `prescription_ibfk_1` FOREIGN KEY (`uid`) REFERENCES `user` (`id`) ON DELETE CASCADE ON UPDATE CASCADE
) ENGINE=InnoDB AUTO_INCREMENT=23 DEFAULT CHARSET=utf8;
/*!40101 SET character_set_client = @saved_cs_client */;

--
-- Dumping data for table `prescription`
--

LOCK TABLES `prescription` WRITE;
/*!40000 ALTER TABLE `prescription` DISABLE KEYS */;
INSERT INTO `prescription` VALUES (1,'2016-06-29',1,'2016-06-30',3,1),(2,'2016-06-29',2,'2016-06-30',3,2),(3,'2016-06-29',1,'2016-06-30',3,201),(4,'2016-06-29',1,'2016-07-28',3,4),(5,'2016-06-29',5,'2016-06-29',3,201),(6,'2016-06-29',1,'2016-06-30',3,6),(7,'2016-06-29',1,'2016-06-30',3,19),(8,'2016-06-29',1,'2016-06-30',3,19),(9,'2016-06-29',5,'2016-06-30',3,201),(10,'2016-06-29',2,'2016-06-30',3,202),(11,'2016-06-29',2,'2016-06-30',3,202),(12,'2016-06-29',1,'2016-06-30',3,28),(14,'2016-06-29',1,'2016-06-30',3,28),(15,'2016-06-29',1,'2016-06-30',3,30),(17,'2016-06-29',1,'2016-06-29',3,27),(18,'2016-06-29',1,'2016-06-30',3,62),(20,'2016-06-29',1,'2016-06-29',3,74),(21,'2016-06-29',4,'2016-06-30',3,202),(22,'2016-06-29',4,'2016-06-30',3,202);
/*!40000 ALTER TABLE `prescription` ENABLE KEYS */;
UNLOCK TABLES;

--
-- Table structure for table `prescriptiondetail`
--

DROP TABLE IF EXISTS `prescriptiondetail`;
/*!40101 SET @saved_cs_client     = @@character_set_client */;
/*!40101 SET character_set_client = utf8 */;
CREATE TABLE `prescriptiondetail` (
  `id` int(11) NOT NULL AUTO_INCREMENT,
  `canuse` varchar(16) DEFAULT NULL,
  `count` int(11) DEFAULT NULL,
  `takemethod` varchar(128) DEFAULT NULL,
  `unit` varchar(16) DEFAULT NULL,
  `mid` int(11) NOT NULL,
  `pid` int(11) NOT NULL,
  PRIMARY KEY (`id`),
  KEY `FK_m0u26wt0jekm01pv5fma8yctp` (`mid`),
  KEY `pid` (`pid`),
  CONSTRAINT `FK_m0u26wt0jekm01pv5fma8yctp` FOREIGN KEY (`mid`) REFERENCES `medicine` (`id`),
  CONSTRAINT `FK_q2mkptfdkd05pvp3iei20fqua` FOREIGN KEY (`pid`) REFERENCES `prescription` (`id`),
  CONSTRAINT `prescriptiondetail_ibfk_1` FOREIGN KEY (`pid`) REFERENCES `prescription` (`id`) ON DELETE CASCADE ON UPDATE CASCADE
) ENGINE=InnoDB AUTO_INCREMENT=42 DEFAULT CHARSET=utf8;
/*!40101 SET character_set_client = @saved_cs_client */;

--
-- Dumping data for table `prescriptiondetail`
--

LOCK TABLES `prescriptiondetail` WRITE;
/*!40000 ALTER TABLE `prescriptiondetail` DISABLE KEYS */;
INSERT INTO `prescriptiondetail` VALUES (1,'是',1,'一日三次，早中晚','片',1,1),(2,'否',2,'一日三次，早中晚','盒',2,1),(3,'是',3,'一日三次，早中晚','克',3,1),(4,'否',1,'一日三次，早中晚','盒',1,2),(5,'是',1,'一日三次，早中晚','片',7,1),(6,'是',1,'一日三次，早中晚','片',1,3),(7,'是',1,'一日三次，早中晚','片',3,4),(8,'否',2,'一日三次，早中晚','包',6,5),(9,'是',2,'一日三次，早中晚','片',8,5),(10,'否',1,'一日三次，早中晚','盒',1,1),(11,'是',1,'一日三次，早中晚','盒',1,6),(12,'否',1,'一日三次，早中晚','片',3,7),(13,'是',1,'一日三次，早中晚','盒',2,7),(14,'否',1,'一日三次，早中晚','片',3,8),(15,'否',1,'一日三次，早中晚','盒',1,1),(16,'否',1,'一日三次，早中晚','盒',1,2),(17,'是',2,'一日三次，早中晚','盒',6,2),(18,'否',2,'一日三次，早中晚','包',6,9),(19,'是',1,'一日三次，早中晚2','盒',3,9),(20,'是',2,'一日三次，早中晚','片',8,10),(21,'否',1,'一日三次，早中晚','盒',1,10),(22,'否',2,'一日三次，早中晚','片',4,10),(23,'否',3,'一日三次，早中晚','片',7,11),(24,'否',1,'一日三次，早中晚','盒',1,12),(26,'是',2,'一日三次，早中晚','勺',9,14),(27,'是',2,'一日三次，早中晚','勺',6,14),(28,'否',3,'一日三次，早中晚','片',6,15),(29,'是',2,'一日三次，早中晚','片',4,15),(32,'否',4,'一日三次，早中晚','克',3,17),(33,'是',3,'一日三次，早中晚','盒',9,17),(34,'否',2,'一日三次，早中晚','包',8,18),(35,'否',1,'一日三次，早中晚','包',1,18),(37,'否',2,'一日三次，早中晚','片',1,20),(38,'否',1,'一日三次，早中晚','盒',1,21),(39,'是',1,'一日三次，早中晚','包',7,22),(40,'是',1,'一日三次，早中晚','包',3,22),(41,'是',1,'一日三次，早中晚','片',7,4);
/*!40000 ALTER TABLE `prescriptiondetail` ENABLE KEYS */;
UNLOCK TABLES;

--
-- Table structure for table `subtitute`
--

DROP TABLE IF EXISTS `subtitute`;
/*!40101 SET @saved_cs_client     = @@character_set_client */;
/*!40101 SET character_set_client = utf8 */;
CREATE TABLE `subtitute` (
  `m_id` int(11) NOT NULL,
  `s_id` int(11) NOT NULL,
  PRIMARY KEY (`m_id`,`s_id`),
  UNIQUE KEY `UK_mcs3umruqxpn9cori6y0a5crx` (`s_id`),
  CONSTRAINT `FK_8y4id2dfot9eeilmg1w0vuqmr` FOREIGN KEY (`m_id`) REFERENCES `medicine` (`id`),
  CONSTRAINT `FK_mcs3umruqxpn9cori6y0a5crx` FOREIGN KEY (`s_id`) REFERENCES `medicine` (`id`)
) ENGINE=InnoDB DEFAULT CHARSET=utf8;
/*!40101 SET character_set_client = @saved_cs_client */;

--
-- Dumping data for table `subtitute`
--

LOCK TABLES `subtitute` WRITE;
/*!40000 ALTER TABLE `subtitute` DISABLE KEYS */;
INSERT INTO `subtitute` VALUES (1,2),(1,3),(1,4),(2,5),(2,6),(2,7),(5,8),(8,9);
/*!40000 ALTER TABLE `subtitute` ENABLE KEYS */;
UNLOCK TABLES;

--
-- Table structure for table `user`
--

DROP TABLE IF EXISTS `user`;
/*!40101 SET @saved_cs_client     = @@character_set_client */;
/*!40101 SET character_set_client = utf8 */;
CREATE TABLE `user` (
  `id` int(11) NOT NULL AUTO_INCREMENT,
  `birthday` date DEFAULT NULL,
  `insurance_company` varchar(32) DEFAULT NULL,
  `name` varchar(32) DEFAULT NULL,
  `policy_number` varchar(32) DEFAULT NULL,
  `telephone` varchar(255) DEFAULT NULL,
  PRIMARY KEY (`id`)
) ENGINE=InnoDB AUTO_INCREMENT=203 DEFAULT CHARSET=utf8;
/*!40101 SET character_set_client = @saved_cs_client */;

--
-- Dumping data for table `user`
--

LOCK TABLES `user` WRITE;
/*!40000 ALTER TABLE `user` DISABLE KEYS */;
INSERT INTO `user` VALUES (1,'2013-03-19','中国人寿保险(集团)公司','邢弘清','c7b7aaa5593f4c7d93298e3dad2ace2e','15902862489'),(2,'2016-06-23','中国人民保险(集团)股份有限公司','后震','d5abecef743c42b69c2994307ae85609','13005475701'),(3,'2000-02-22','美国友邦保险有限公司','佴飞良','cdf6430330e149eb82c25e9983f88e67','13505562591'),(4,'2000-10-05','太平洋承保公司','关怡','cd5aa7b1587c4e1a887d9c7da3331f0c','13104336445'),(5,'2014-03-13','太平洋承保公司','滑庆冠','1d65dc87782d4799a36e0d5c4cc4402a','15507118172'),(6,'2013-06-19','中国人民保险(集团)股份有限公司','班冠','7a2dc4e9a2904dc1a26d4e3a97b42d08','15504691684'),(7,'2011-10-05','太平洋承保公司','幸融','bc8a2f3850f8473db01b87ca64edba73','13901433399'),(8,'2007-04-24','太平洋承保公司','聂松楠','f21d18ee7ac24d109e36d4a7055b73cc','15702871983'),(9,'1995-04-25','麦吉丽有保险公司','甘英','e2d9188c1c264786a6dbae40b367046f','13306679058'),(10,'2006-03-21','中国人寿保险(集团)公司','车民','48fdbc74a37e4165b32c1d50ae23b3cf','15305434513'),(11,'2011-08-14','中国平安保险(集团)股份有限公司','毕敬伦','eac8704744de4fe4b36fd59bd56bac74','15205335081'),(12,'2005-11-09','太平洋承保公司','离瑶','98fec718a9254a37a5ce364920b95be4','15301683935'),(13,'2004-12-25','中国人寿保险(集团)公司','姓清榕','76b2f89ef00f451faca8700b1d07f430','15902346581'),(14,'2002-03-28','太平洋承保公司','武婵','1af12765d5bd4c4ba84ca428ec5c0b4a','13507342199'),(15,'2003-08-01','中国人民保险(集团)股份有限公司','爱行','b5c44dec4f3646a0b7366f15d75c849b','15800777534'),(16,'2000-12-04','太平洋承保公司','干茗','1a832e00fae54dc29869898815d2964b','15504640335'),(17,'2004-06-30','新华人寿保险股份有限公司','司馥','d558f9b1879a414c805d1e6a818f9273','13901572334'),(18,'2014-04-17','泰康人寿保险股份有限公司','邢伯民','c68204ff3b614cd8b20c898f542cdfb7','15201538613'),(19,'2008-02-15','太平洋承保公司','年荷','2e3a3d509c244e3ca617f6eaadfedada','13000695041'),(20,'2009-05-11','中再集团公司旗下中国大地财产保险股份有限公司','訾雪莲','3cbe07a5a56d42cf867f3fc485d59807','15206411073'),(21,'1995-04-24','阳光保险集团股份有限公司','晋琬娣','66aebc98f9494070aa23577106820e4a','13406048966'),(22,'1993-04-13','阳光保险集团股份有限公司','牟辰刚','8428a8982bb94b568dbe1988aff41a5c','15508331166'),(23,'2004-05-08','新华人寿保险股份有限公司','戴荷','a4044f6ca8704f7695c200355d284143','13701378389'),(24,'1998-07-27','太平洋承保公司','贝伦','f6fb5363f1ea4daca009f9a14de41ac4','15005963739'),(25,'1994-10-21','中国人民保险(集团)股份有限公司','殴旭','f7dc158031784478bd56b955a08fe2b5','15601827453'),(26,'2015-12-11','新华人寿保险股份有限公司','甘柔','d5108191f696429187c09a93aef5d0d0','13002521655'),(27,'1993-11-03','中国人民保险(集团)股份有限公司','蒋琼真','c1f52285c5d2492eb1d0e8308e50df64','15908153361'),(28,'2006-05-26','太平洋承保公司','司翠凝','fb884c97c1634cc896c5783f215577b3','13001424752'),(29,'1997-02-16','美国友邦保险有限公司','杨学','98b533b38b774a75a8f20559b7440c3d','13705425209'),(30,'1990-10-18','中国人民保险(集团)股份有限公司','公欣妍','932ecc73c6c84f129c4a41079fa684e1','13208023367'),(31,'2010-05-02','美国友邦保险有限公司','公兰晶','eff6a900716c483181a00b83e3c5677a','13607171560'),(32,'2010-07-22','太平洋承保公司','宫江成','17c1d2babbba402c9ab142661bf3b4ee','13206585211'),(33,'2001-01-09','中国平安保险(集团)股份有限公司','祁欢咏','009c533ec93240b6a273215e11b28e78','15904583002'),(34,'2003-05-23','麦吉丽有保险公司','柳咏荷','883ea11d001947beb563611a36dd1db7','15700311704'),(35,'2007-08-05','泰康人寿保险股份有限公司','翁岩谦','f6af6990ef17464e9e7ef8d408ba8028','15502805767'),(36,'1994-07-09','太平洋承保公司','孙琳晓','c575bb86d14435a22eb86e0bbbe2177f','15708661144'),(37,'2013-04-25','太平洋承保公司','仲良伯','9941f3052425425f84d33a70908ece2c','13004965089'),(38,'1999-03-23','中国人民保险(集团)股份有限公司','于克','8bd0cd12332b4528b0234ea7fbedeee7','15100823114'),(39,'1990-08-24','太平洋承保公司','杨宁凡','2dee9247926b429b9a08b4e97aa09cca','13303164334'),(40,'1998-06-02','太平洋承保公司','皮永之','5a7708429ae7435cb82d880bc98286a0','15500425581'),(41,'2010-08-17','太平洋承保公司','阴惠','23bc8952b1ff48c49892190c8b9adcf2','13603893440'),(42,'2001-08-21','太平洋承保公司','巴政','5522f0ca04584dbfbcff87384456f63f','13402383257'),(43,'1996-02-23','麦吉丽有保险公司','桓竹','791bc982bcd44cc993b0ddd00b59eef4','15304486640'),(44,'2006-10-03','太平洋承保公司','唐豪松','d31a1f4e13b14517abd17e0c7eda0c5f','13707330029'),(45,'2012-04-16','新华人寿保险股份有限公司','督昭梅','e453cbea18f547a391b454f49358f27b','15701062020'),(46,'2003-11-23','太平洋承保公司','宿菲','575202a0b20d4ce7bb56ba1193e8cf7f','13002431978'),(47,'2012-04-13','太平洋承保公司','谢元刚','a3beb5a945d34554b643705798357e64','15105891793'),(48,'1991-03-07','阳光保险集团股份有限公司','太群建','02f619711e3a4138b60e6eb17cf78b2a','15507985057'),(49,'1999-08-03','泰康人寿保险股份有限公司','鄢晨','c4e4160de97d4aad941007ef09c8453a','13101814742'),(50,'1997-03-07','中国平安保险(集团)股份有限公司','宣枫','d4d9045c3a04432ba69f8eee3175b71d','13003495901'),(51,'2015-08-11','太平洋承保公司','许弘文','1fefb393d97a43288b87fb92a3ee709b','13601700279'),(52,'2009-05-30','太平洋承保公司','冀义国','cd64ade746624a83b7708a3a10bce8fd','13004226782'),(53,'1999-07-29','中国人寿保险(集团)公司','钮秋璧','88f47616c1564179ba323888a97e3876','13100264595'),(54,'1992-05-20','新华人寿保险股份有限公司','谈英艺','58afcfaa59dc4785a216e643579e90a3','15902915536'),(55,'2015-11-15','中国人民保险(集团)股份有限公司','翁炎','24dc347849084cec8ae9d4ee911c9e6d','13202385819'),(56,'2008-06-01','中国平安保险(集团)股份有限公司','邴辉','49321a0545cc437fb8dc373a9bfbb3e3','13404955101'),(57,'1993-12-13','中国平安保险(集团)股份有限公司','邱善坚','e0de214f55a74770b5407b97523fa715','15367959782'),(58,'2003-06-17','太平洋承保公司','戎彪','6326a2f8974c4091bc6bb667f8712225','15603057340'),(59,'1997-05-09','中国平安保险(集团)股份有限公司','良义栋','ddcb280d015a4d9386ef4fd4a0d33465','15505243000'),(60,'2014-09-06','阳光保险集团股份有限公司','红辰','c927dbc2e1f345efa7a957af9984db96','15102474541'),(61,'2000-05-04','美国友邦保险有限公司','姜之敬','8a858f822f1a4f69a519646aa35c116b','13204854858'),(62,'2015-12-16','中再集团公司旗下中国大地财产保险股份有限公司','况榕若','fc1be2a1bacc40a7bee375f6edbd53cc','15005927073'),(63,'1990-02-24','麦吉丽有保险公司','蓝荣','f791b2c9e2844449b35afe57b1b8c391','15503392971'),(64,'2007-03-06','太平洋承保公司','骆青','82c7729ad5f54cea8abc927d16c5d545','15100854562'),(65,'2008-07-02','太平洋承保公司','寿慧','6bc433dbe0994242b7bf1bcb387581c4','13101074816'),(66,'1993-02-13','太平洋承保公司','滕宁','a01ea11a62a740a8b7b57aae3d6def43','13207692266'),(67,'1996-05-12','太平洋承保公司','方生绍','80c5a5974c4d4bcc86657a95c791212e','13107265233'),(68,'2003-09-16','太平洋承保公司','颜栋俊','3d10e0dde30c47dc8e8d8013c8cef2b8','13407720436'),(69,'2006-05-17','太平洋承保公司','有克','7e2d3e4967d04887a9ea6ac37fa1ef85','13008785594'),(70,'1998-09-29','太平洋承保公司','华秀园','308b46a6927440648536567a6e1d8a5e','13504835181'),(71,'2001-05-30','中国平安保险(集团)股份有限公司','皇燕红','819c3cd6186a45b2ab30293e989e836a','15106341892'),(72,'2010-02-13','太平洋承保公司','朱月','465eba94f17c4ed4ad609754094d1ce2','15005574458'),(73,'1994-10-12','太平洋承保公司','班雄平','fbb0752db81e4eb8bc26446c01f9357c','15503452014'),(74,'1998-04-15','中国人民保险(集团)股份有限公司','都蓓妹','039834d13c8047fc95813d94b4aed074','15201665423'),(75,'2012-05-18','太平洋承保公司','平达天','8068ae63a32b41f38af3d77796caaa11','13208675583'),(76,'1994-10-16','太平洋承保公司','阳弘','b2fe877cb98a4884bcb9c498ea0193c7','13200747890'),(77,'2012-05-08','太平洋承保公司','孟哲','282af2ceb9a54d10a06291ea4cc6f7d0','13005382633'),(78,'2003-09-23','太平洋承保公司','通翠','53845fbf9a9f4fc78bea0fb61f3e0ec0','15805034063'),(79,'1995-07-07','太平洋承保公司','仇伊艳','6136cf83176e42b1820c6793c2205dd5','15104961334'),(80,'2010-09-10','太平洋承保公司','卜先政','b02e56300fcc4eadabaa27149cc296a3','13008857591'),(81,'2012-04-17','太平洋承保公司','徐学泽','1c5e28d6118c4555b8b732d87da1f0d6','15306212042'),(82,'2013-01-12','太平洋承保公司','戚兰','f7ace18a23114fb19988c547a4f458ba','13101914043'),(83,'1998-07-11','太平洋承保公司','沃树','cbe404458da6459d8f6bf9e0f84019f8','13607052648'),(84,'1998-05-27','太平洋承保公司','赖竹','8a9670518b0b4046a63ace629db1ccf2','15208479013'),(85,'2004-10-29','美国友邦保险有限公司','段敬雄','bd456f067d144c6daa2a57eec24feb8a','15507553586'),(86,'2000-12-21','中国人寿保险(集团)公司','房奇心','e7d1ca68ea8041238d2cde13b0ea2954','13502720733'),(87,'1995-01-10','中国人民保险(集团)股份有限公司','督乐','93a8fa0a26ec4a8a914c307b3d40005f','15305502046'),(88,'2001-03-21','太平洋承保公司','施菲莎','36baf62c3b874459b8cf34fa261d3a3d','15103306833'),(89,'1997-02-12','阳光保险集团股份有限公司','桓江星','2493a3f3c1794bf2acd56e4c97951335','15300170584'),(90,'2006-07-30','中再集团公司旗下中国大地财产保险股份有限公司','司武','4edceaa56fa5adc5650c7d74a90b6afa','13506333738'),(91,'1997-06-18','太平洋承保公司','暴巧','39147fadcbcd4caa8842993369725a33','13604578886'),(92,'2004-02-09','中国人寿保险(集团)公司','方珊','2d8d5cf5a60942b69c10712a38b09ce6','13105533103'),(93,'1993-05-12','中国人民保险(集团)股份有限公司','黄有豪','0063e77771b14b4581cb8a1f016a0e8e','13100370486'),(94,'2010-06-29','中国平安保险(集团)股份有限公司','家心旭','407a34d0bdd54067b2136fe8a6b6a968','15807575344'),(95,'2004-01-10','美国友邦保险有限公司','何善','7b639121b3204d798153754941ae9a4f','15701464744'),(96,'2010-08-07','新华人寿保险股份有限公司','常超','366b48c33e6c411ca022a5355bb412ca','13408292632'),(97,'2011-09-29','新华人寿保险股份有限公司','拔风','c754adf49490430492ec293f94f3db6d','15203140615'),(98,'1991-07-18','太平洋承保公司','裘璧慧','5f78043c09e0463c8d4c9e0e0cfd48ad','13101098458'),(99,'2012-05-20','中国人民保险(集团)股份有限公司','赵启承','29a2f4aaab1649e68f782761af1fcdcc','13608447850'),(100,'1990-10-24','太平洋承保公司','梅俊航','b9352bec2949453181ac7e460f23e3c9','15007974282'),(101,'2015-05-21','麦吉丽有保险公司','公清友','d763970901e24e0092772df8fde995ac','15005776035'),(102,'2013-07-13','麦吉丽有保险公司','邵翔林','dcc3fb6e7bbf4ed88b42d1abea54b95f','15706863592'),(103,'2005-07-24','麦吉丽有保险公司','高旭','d55322136dce40ec808df192d177a348','13100899096'),(104,'1995-05-09','麦吉丽有保险公司','琴伟','3b7e1c7489134aa99f768c04c89dcbcb','13400843028'),(105,'2011-09-23','麦吉丽有保险公司','葛健','b27cba7925994c8a8624a06e136be2e4','15703430899'),(106,'2007-08-01','麦吉丽有保险公司','微园翠','c61f6515dde84db484705558b857441b','15207728476'),(107,'2007-03-18','麦吉丽有保险公司','经筠秋','98aa7788cd564321a09d4c7c879c122a','13606011952'),(108,'2004-05-06','麦吉丽有保险公司','池翠茗','be24a4314bb145e5922dc58251ad1d34','13205912862'),(109,'1997-02-21','麦吉丽有保险公司','翟国','9747a8afcc774ce194c6e90fb656af7a','15304150649'),(111,'2002-12-07','麦吉丽有保险公司','荀浩','9f347a6f1a254a0989d1729d5d3449f0','15505236122'),(112,'2006-02-20','麦吉丽有保险公司','贾雄顺','cc046b6693654b36b5f751802dc3fcae','15608716036'),(113,'1992-07-31','麦吉丽有保险公司','袁哲风','d51723b2d5b748f5a9cd6c725f54e666','13105446448'),(114,'2002-02-05','麦吉丽有保险公司','昌美纨','67caf543a5eb4436950428cbc247fa5e','13000640954'),(115,'2012-08-07','麦吉丽有保险公司','贺琼春','302b731663ce4dcbb449e2e720ae3fee','15801967177'),(116,'2000-04-12','麦吉丽有保险公司','马仪毓','b2d1696d03ec46cfb5cf5e9acd180ecc','13308666680'),(117,'2010-11-30','麦吉丽有保险公司','相颖琳','cb551193595648e78d2aa7ee189f6489','13602207696'),(118,'2015-07-21','麦吉丽有保险公司','石河策','5946bff12dbb417fa75da02f8499494d','13405022386'),(119,'2012-04-15','麦吉丽有保险公司','蓝卿眉','753982a83b4744eb99290f90a71a2807','13801002069'),(120,'2006-09-06','麦吉丽有保险公司','尤光言','503ca42b2a6340658245fa3da8ea9247','15001788548'),(121,'2005-05-04','麦吉丽有保险公司','令平','0150850e6f26474e8a44eee1eff4bd78','13402193839'),(122,'2003-06-03','麦吉丽有保险公司','施利','194cf56041fc40d7a8832678ab1e78fd','13600680316'),(123,'2003-07-18','麦吉丽有保险公司','家进','fa7d10e6b1094da68eb5ebf9d7eb3090','15107114458'),(124,'1991-11-23','麦吉丽有保险公司','强萍艺','39c30fa4793e4963b75e635774fdf86f','15601205625'),(125,'2000-08-05','麦吉丽有保险公司','宇致星','56162c2997ef40329f13de85f31bf7fb','13901395467'),(126,'2001-04-19','麦吉丽有保险公司','糜萍','86a2491827c94a3d9d2ea2ad51dfbbe8','13203043238'),(127,'2000-01-31','麦吉丽有保险公司','能思','d66a86765efb4f0ebff0c0ce4576b659','13104863970'),(128,'2002-03-30','麦吉丽有保险公司','延园雪','aeb9e695c9a94b5e8baf9ac7af1783f7','15500207873'),(129,'2014-10-18','麦吉丽有保险公司','伯娅筠','17a43dce5ed746598c25cda1e8d8f96f','15805007400'),(130,'1998-04-03','麦吉丽有保险公司','汲俊','a976912ae3234ec0ae655d6ddf1d6352','13602423642'),(131,'2003-10-14','麦吉丽有保险公司','党永河','07acc4328ad9492385cc6a0a8615945c','13007675594'),(133,'2007-05-02','麦吉丽有保险公司','海宏振','ed4b698250644ac6874eca193dd854f6','13001528703'),(134,'2001-06-15','麦吉丽有保险公司','刁浩树','e3bf6c8fdf414469b8159543ce9de253','13007475513'),(135,'2014-11-30','麦吉丽有保险公司','井朗保','9ba29679eb5344e0ad358f0d7d10514d','15602531901'),(136,'2006-05-18','麦吉丽有保险公司','左菲娥','1d5a06f7363e4c7a976749ac90402f6e','13504297577'),(137,'1997-08-23','麦吉丽有保险公司','容固琛','fe3545ae6efa4c84bc2b6ff4328a8f04','13406597722'),(138,'1993-08-27','麦吉丽有保险公司','贡绍平','6a7aae8c1c434411a3935eabe6a910f2','15701580275'),(139,'1990-07-25','麦吉丽有保险公司','时宁固','f16a6e175d5a46d1aa1f41e62e287d10','15602854585'),(140,'2004-09-15','太平洋承保公司','费祥茂','4800d51c26bb4cbe8e61d0b7b24e0c75','13708753346'),(141,'2005-07-17','美国友邦保险有限公司','翟胜和','ec549228e4b74dffb53656c1868b889b','13307330408'),(142,'1996-12-25','美国友邦保险有限公司','戚浩邦','ac520af1426a40d2a13d863b3fdd0bf4','13602026274'),(143,'2011-07-26','美国友邦保险有限公司','狐纨','bfefd59172df43de8e931ccc266cb800','13303304224'),(144,'1992-12-25','美国友邦保险有限公司','茅惠','293135b95d434a89abb367eb2c3c213a','15706991811'),(145,'2013-10-01','美国友邦保险有限公司','童以中','9bb896ed00e948acb36e3e805c4f9b2c','13302408826'),(146,'2013-11-23','美国友邦保险有限公司','薛冠东','24e4f7e994444740b89f813fa87a4113','15508415961'),(147,'2011-12-10','美国友邦保险有限公司','干行浩','e666850a6a6c4db18bccde97ffa65296','13602067486'),(148,'1990-09-05','美国友邦保险有限公司','笪进','818b1aaa6fe7484c80d1bcf7f7ed8069','15703552367'),(149,'1994-02-28','美国友邦保险有限公司','空艺滢','aa47810dde3146c1946d908cc59e5997','13101601061'),(150,'2003-01-11','美国友邦保险有限公司','滕舒凤','6b377ffbe02a45d7a6a5c532de6d3a0f','15108544423'),(151,'1990-12-21','美国友邦保险有限公司','尹霭','189a6d67282f46ef94c833eeb7d91719','13105743409'),(152,'2010-05-23','美国友邦保险有限公司','花萍','b0438f9270cc44cdaa629c3b18367447','15904710700'),(153,'2009-02-17','美国友邦保险有限公司','慕榕','c3dca6844f0943cf80c9f2a21474b713','15505447191'),(154,'1994-05-14','美国友邦保险有限公司','彭瑞','616d3d435f3b4a67a7e723823596cb74','15106017612'),(155,'2006-06-21','美国友邦保险有限公司','劳博','bd1963a1d7164c02822e602f2100d316','15303768748'),(156,'2009-06-08','美国友邦保险有限公司','米富','56eafc01c16446c290995d4e18814f91','13901977045'),(157,'1997-07-07','美国友邦保险有限公司','巫筠','d0c7f540438a479cafd6b55a3ca204ae','13703186714'),(158,'1996-07-29','美国友邦保险有限公司','叔力','e9b1bf9fc5f142d39e686d28d7541665','13805031924'),(159,'2014-12-20','美国友邦保险有限公司','正江顺','26925153e34946f39ffd726b2b6adc9d','13201803686'),(160,'2005-09-14','太平洋承保公司','宋豪','b712b7c6278f491ca3d722644c631b7d','13403373627'),(161,'2012-03-16','中国人寿保险(集团)公司','暴倩聪','7160b32c4f6d48a5a1c26bd3138946ba','13203933365'),(162,'2013-02-15','中国人寿保险(集团)公司','郎德光','700b4639e44345f59899cfcb2a0e3801','13800366386'),(163,'2001-04-19','中国人寿保险(集团)公司','拓蕊芳','18ae77892c4549a4a406999c98453748','13201026684'),(164,'2003-09-04','中国人寿保险(集团)公司','籍风','0380ce2cab8740f987f718ef0aa9d030','13307631795'),(165,'1999-12-20','中国人寿保险(集团)公司','包平江','a61ae743a5e74ca59c80eb57cdafb994','13507215678'),(166,'2000-10-20','中国人寿保险(集团)公司','鞠乐','a71334397b23499fb7e625d3c3b896da','15006682619'),(167,'1994-04-20','中国人寿保险(集团)公司','牛荔舒','37678ec6826949a7a4a183c0956a6baf','13306542774'),(168,'2005-10-01','中国人寿保险(集团)公司','郭克树','7e897f474d994d95808696312fe3e06f','15307133581'),(169,'1995-12-06','中国人寿保险(集团)公司','寇健昌','90402e44b2d24ce09165f6c8c8282719','13300686683'),(170,'2009-01-16','中国人寿保险(集团)公司','桓武','5921a9ab10aa4030966b486cd8387c97','13506665311'),(171,'2000-01-29','中国人寿保险(集团)公司','滕斌中','d7b4c156e4bb4006889750cafecbc3f6','15108061324'),(172,'2013-05-24','中国人寿保险(集团)公司','舌燕妍','26cfd86809b84bbdbbd26356aa40bf9a','13205517178'),(173,'2001-01-21','中国人寿保险(集团)公司','应瑗','b8d9fd4f03ed41e687de8a5d80a0b4b5','13503411552'),(174,'2001-06-03','中国人寿保险(集团)公司','黄厚','0e06dab3ec4742edaff6b1e7710c891c','15804274622'),(175,'1996-12-05','中国人寿保险(集团)公司','南榕','b0689b74def54c80b736ee7ad7c8afb1','13903895384'),(176,'2007-05-07','中国人寿保险(集团)公司','谈锦','365d1a80de524be292a8985ebc0d1520','15200622546'),(177,'2011-12-14','中国人寿保险(集团)公司','须光以','33e8be00d1be46f7a0c696183090e65a','15706038931'),(178,'2008-11-16','中国人寿保险(集团)公司','漆彬风','6233ed56b5df49059b1951cb9051361c','15800763278'),(179,'1996-09-18','中国人寿保险(集团)公司','鲍光','a7dfd10543604801b71b8491c8fb33dd','15205596412'),(180,'2015-07-28','太平洋承保公司','门婵','2dd4a1a05d6c45ecbd698eff75a608a3','13005250807'),(181,'2012-05-25','中国人民保险(集团)股份有限公司','车轮栋','7f27d2af9bd442d5a61f138782b060c5','15000807206'),(182,'2002-08-11','中国人民保险(集团)股份有限公司','终霞芬','a95a93fb59904fd680413ed33898ee24','13704451037'),(183,'1996-10-08','中国人民保险(集团)股份有限公司','延薇丽','4f144ef26e2441389a9c5a325454c2e5','15907483320'),(184,'1991-06-01','中国人民保险(集团)股份有限公司','师豪平','2e6ff84bf9424072b80b8a8e5828af5d','13001040814'),(185,'1990-06-12','中国人民保险(集团)股份有限公司','墨震','f1f9e9b5ae5b4afb81a75522cb2c7522','15602742140'),(186,'1992-08-04','中国人民保险(集团)股份有限公司','张羽','9ddbe207d0d0435383d331d550ddcf4c','13501256331'),(187,'2005-08-15','中国人民保险(集团)股份有限公司','佴民','8acd937c620f4c83a82301f9dd15f653','13700916877'),(188,'2004-12-20','中国人民保险(集团)股份有限公司','靳朋永','45d966242efb4b69af67061f0326a949','13908154254'),(189,'1992-08-25','中国人民保险(集团)股份有限公司','乌固强','9e149b866b5a4784bf54b5d5d5f4eff8','15202396143'),(191,'2002-09-29','中国人民保险(集团)股份有限公司','牧强龙','735437961aa34f6e8dffc4babba1cde3','15302843864'),(192,'2000-02-13','中国人民保险(集团)股份有限公司','邹旭','fe94625b2fa84652b1f2f44730b8fa6a','13404515315'),(193,'1997-11-23','中国人民保险(集团)股份有限公司','晁凡琰','8e29893f41b24c6e9916c1a059cc6ccb','15700890303'),(194,'2008-06-04','中国人民保险(集团)股份有限公司','寿建龙','11f9f038c6904a3a91849044f0c9fd11','15104266365'),(195,'1996-08-30','中国人民保险(集团)股份有限公司','殷维邦','07ae2f857d91409da1e344cadef5f1a3','13601227674'),(196,'1997-02-25','中国人民保险(集团)股份有限公司','雍风言','c2a4a099f2f544e1923adcace65fded1','13805125432'),(197,'1991-04-08','中国人民保险(集团)股份有限公司','明娥宜','6eaf738379744ce8951b2ceb49933d59','13406915206'),(198,'1999-04-08','中国人民保险(集团)股份有限公司','计厚','9311653ba24b40faab5d140bfc8c379e','15903482178'),(199,'2005-02-04','中国人民保险(集团)股份有限公司','亢绍伯','a35685ef798d4bdfae99f221a5f103ee','15702701716'),(200,'1993-01-04','中国人民保险(集团)股份有限公司','盖文','28b5c76075744495afa02347de48c515','13103028641'),(201,'2016-06-29','中国人民保险(集团)股份有限公司','王培坤','50786adde46386fb86e5e42fe912674b','15367959781'),(202,'2016-06-30','中国人民保险(集团)股份有限公司','张志刚','61f0f3a0f1d8e3a658c59924c4e6232c','15346786576');
/*!40000 ALTER TABLE `user` ENABLE KEYS */;
UNLOCK TABLES;
/*!40103 SET TIME_ZONE=@OLD_TIME_ZONE */;

/*!40101 SET SQL_MODE=@OLD_SQL_MODE */;
/*!40014 SET FOREIGN_KEY_CHECKS=@OLD_FOREIGN_KEY_CHECKS */;
/*!40014 SET UNIQUE_CHECKS=@OLD_UNIQUE_CHECKS */;
/*!40101 SET CHARACTER_SET_CLIENT=@OLD_CHARACTER_SET_CLIENT */;
/*!40101 SET CHARACTER_SET_RESULTS=@OLD_CHARACTER_SET_RESULTS */;
/*!40101 SET COLLATION_CONNECTION=@OLD_COLLATION_CONNECTION */;
/*!40111 SET SQL_NOTES=@OLD_SQL_NOTES */;

-- Dump completed on 2016-06-29 20:32:46
